x1,x2,x3 ,y
-1.0 , -1.0 , -1.0 , 0.6700000000000002
-1.0 , -1.0 , -0.8 , 0.662
-1.0 , -1.0 , -0.6 , 0.6540000000000001
-1.0 , -1.0 , -0.4 , 0.646
-1.0 , -1.0 , -0.2 , 0.6380000000000001
-1.0 , -1.0 , 0.0 , 0.63
-1.0 , -1.0 , 0.2 , 0.6219999999999999
-1.0 , -1.0 , 0.4 , 0.614
-1.0 , -1.0 , 0.6 , 0.6059999999999999
-1.0 , -1.0 , 0.8 , 0.598
-1.0 , -1.0 , 1.0 , 0.5899999999999999
-1.0 , -0.8 , -1.0 , 0.6820000000000002
-1.0 , -0.8 , -0.8 , 0.6759000000000001
-1.0 , -0.8 , -0.6 , 0.6698000000000002
-1.0 , -0.8 , -0.4 , 0.6637000000000001
-1.0 , -0.8 , -0.2 , 0.6576000000000002
-1.0 , -0.8 , 0.0 , 0.6515000000000001
-1.0 , -0.8 , 0.2 , 0.6454
-1.0 , -0.8 , 0.4 , 0.6393000000000001
-1.0 , -0.8 , 0.6 , 0.6332
-1.0 , -0.8 , 0.8 , 0.6271000000000001
-1.0 , -0.8 , 1.0 , 0.621
-1.0 , -0.6 , -1.0 , 0.6940000000000002
-1.0 , -0.6 , -0.8 , 0.6898000000000001
-1.0 , -0.6 , -0.6 , 0.6856000000000001
-1.0 , -0.6 , -0.4 , 0.6814
-1.0 , -0.6 , -0.2 , 0.6772000000000001
-1.0 , -0.6 , 0.0 , 0.673
-1.0 , -0.6 , 0.2 , 0.6688
-1.0 , -0.6 , 0.4 , 0.6646000000000001
-1.0 , -0.6 , 0.6 , 0.6604
-1.0 , -0.6 , 0.8 , 0.6562
-1.0 , -0.6 , 1.0 , 0.6519999999999999
-1.0 , -0.4 , -1.0 , 0.7060000000000001
-1.0 , -0.4 , -0.8 , 0.7037
-1.0 , -0.4 , -0.6 , 0.7014
-1.0 , -0.4 , -0.4 , 0.6991
-1.0 , -0.4 , -0.2 , 0.6968000000000001
-1.0 , -0.4 , 0.0 , 0.6945
-1.0 , -0.4 , 0.2 , 0.6921999999999999
-1.0 , -0.4 , 0.4 , 0.6899
-1.0 , -0.4 , 0.6 , 0.6876
-1.0 , -0.4 , 0.8 , 0.6853
-1.0 , -0.4 , 1.0 , 0.6829999999999999
-1.0 , -0.2 , -1.0 , 0.7180000000000001
-1.0 , -0.2 , -0.8 , 0.7176
-1.0 , -0.2 , -0.6 , 0.7172000000000001
-1.0 , -0.2 , -0.4 , 0.7168
-1.0 , -0.2 , -0.2 , 0.7164
-1.0 , -0.2 , 0.0 , 0.716
-1.0 , -0.2 , 0.2 , 0.7155999999999999
-1.0 , -0.2 , 0.4 , 0.7152
-1.0 , -0.2 , 0.6 , 0.7147999999999999
-1.0 , -0.2 , 0.8 , 0.7143999999999999
-1.0 , -0.2 , 1.0 , 0.7139999999999999
-1.0 , 0.0 , -1.0 , 0.7300000000000001
-1.0 , 0.0 , -0.8 , 0.7315
-1.0 , 0.0 , -0.6 , 0.7330000000000001
-1.0 , 0.0 , -0.4 , 0.7345
-1.0 , 0.0 , -0.2 , 0.7360000000000001
-1.0 , 0.0 , 0.0 , 0.7375
-1.0 , 0.0 , 0.2 , 0.739
-1.0 , 0.0 , 0.4 , 0.7405
-1.0 , 0.0 , 0.6 , 0.742
-1.0 , 0.0 , 0.8 , 0.7435
-1.0 , 0.0 , 1.0 , 0.745
-1.0 , 0.2 , -1.0 , 0.7420000000000001
-1.0 , 0.2 , -0.8 , 0.7454000000000001
-1.0 , 0.2 , -0.6 , 0.7488000000000001
-1.0 , 0.2 , -0.4 , 0.7522000000000001
-1.0 , 0.2 , -0.2 , 0.7556000000000002
-1.0 , 0.2 , 0.0 , 0.7590000000000001
-1.0 , 0.2 , 0.2 , 0.7624000000000001
-1.0 , 0.2 , 0.4 , 0.7658000000000001
-1.0 , 0.2 , 0.6 , 0.7692000000000001
-1.0 , 0.2 , 0.8 , 0.7726000000000002
-1.0 , 0.2 , 1.0 , 0.7760000000000001
-1.0 , 0.4 , -1.0 , 0.7540000000000001
-1.0 , 0.4 , -0.8 , 0.7593000000000001
-1.0 , 0.4 , -0.6 , 0.7646000000000002
-1.0 , 0.4 , -0.4 , 0.7699
-1.0 , 0.4 , -0.2 , 0.7752000000000001
-1.0 , 0.4 , 0.0 , 0.7805000000000001
-1.0 , 0.4 , 0.2 , 0.7858
-1.0 , 0.4 , 0.4 , 0.7911000000000001
-1.0 , 0.4 , 0.6 , 0.7964
-1.0 , 0.4 , 0.8 , 0.8017000000000001
-1.0 , 0.4 , 1.0 , 0.807
-1.0 , 0.6 , -1.0 , 0.766
-1.0 , 0.6 , -0.8 , 0.7732
-1.0 , 0.6 , -0.6 , 0.7804000000000001
-1.0 , 0.6 , -0.4 , 0.7876000000000001
-1.0 , 0.6 , -0.2 , 0.7948000000000001
-1.0 , 0.6 , 0.0 , 0.802
-1.0 , 0.6 , 0.2 , 0.8092
-1.0 , 0.6 , 0.4 , 0.8164
-1.0 , 0.6 , 0.6 , 0.8236
-1.0 , 0.6 , 0.8 , 0.8308000000000001
-1.0 , 0.6 , 1.0 , 0.8380000000000001
-1.0 , 0.8 , -1.0 , 0.778
-1.0 , 0.8 , -0.8 , 0.7871
-1.0 , 0.8 , -0.6 , 0.7962
-1.0 , 0.8 , -0.4 , 0.8053
-1.0 , 0.8 , -0.2 , 0.8144
-1.0 , 0.8 , 0.0 , 0.8235
-1.0 , 0.8 , 0.2 , 0.8326
-1.0 , 0.8 , 0.4 , 0.8417
-1.0 , 0.8 , 0.6 , 0.8508
-1.0 , 0.8 , 0.8 , 0.8599
-1.0 , 0.8 , 1.0 , 0.869
-1.0 , 1.0 , -1.0 , 0.79
-1.0 , 1.0 , -0.8 , 0.801
-1.0 , 1.0 , -0.6 , 0.812
-1.0 , 1.0 , -0.4 , 0.8230000000000001
-1.0 , 1.0 , -0.2 , 0.8340000000000001
-1.0 , 1.0 , 0.0 , 0.8450000000000001
-1.0 , 1.0 , 0.2 , 0.8560000000000001
-1.0 , 1.0 , 0.4 , 0.8670000000000001
-1.0 , 1.0 , 0.6 , 0.8780000000000001
-1.0 , 1.0 , 0.8 , 0.8890000000000001
-1.0 , 1.0 , 1.0 , 0.9000000000000001
-0.8 , -1.0 , -1.0 , 0.6640000000000001
-0.8 , -1.0 , -0.8 , 0.6559
-0.8 , -1.0 , -0.6 , 0.6478000000000002
-0.8 , -1.0 , -0.4 , 0.6397
-0.8 , -1.0 , -0.2 , 0.6316000000000002
-0.8 , -1.0 , 0.0 , 0.6235
-0.8 , -1.0 , 0.2 , 0.6154
-0.8 , -1.0 , 0.4 , 0.6073000000000001
-0.8 , -1.0 , 0.6 , 0.5992
-0.8 , -1.0 , 0.8 , 0.5911000000000001
-0.8 , -1.0 , 1.0 , 0.583
-0.8 , -0.8 , -1.0 , 0.6762000000000001
-0.8 , -0.8 , -0.8 , 0.6700200000000002
-0.8 , -0.8 , -0.6 , 0.6638400000000002
-0.8 , -0.8 , -0.4 , 0.6576600000000001
-0.8 , -0.8 , -0.2 , 0.6514800000000002
-0.8 , -0.8 , 0.0 , 0.6453000000000001
-0.8 , -0.8 , 0.2 , 0.63912
-0.8 , -0.8 , 0.4 , 0.6329400000000001
-0.8 , -0.8 , 0.6 , 0.62676
-0.8 , -0.8 , 0.8 , 0.62058
-0.8 , -0.8 , 1.0 , 0.6144000000000001
-0.8 , -0.6 , -1.0 , 0.6884000000000001
-0.8 , -0.6 , -0.8 , 0.6841400000000001
-0.8 , -0.6 , -0.6 , 0.67988
-0.8 , -0.6 , -0.4 , 0.67562
-0.8 , -0.6 , -0.2 , 0.6713600000000001
-0.8 , -0.6 , 0.0 , 0.6671
-0.8 , -0.6 , 0.2 , 0.66284
-0.8 , -0.6 , 0.4 , 0.65858
-0.8 , -0.6 , 0.6 , 0.65432
-0.8 , -0.6 , 0.8 , 0.65006
-0.8 , -0.6 , 1.0 , 0.6457999999999999
-0.8 , -0.4 , -1.0 , 0.7006
-0.8 , -0.4 , -0.8 , 0.69826
-0.8 , -0.4 , -0.6 , 0.69592
-0.8 , -0.4 , -0.4 , 0.69358
-0.8 , -0.4 , -0.2 , 0.69124
-0.8 , -0.4 , 0.0 , 0.6889
-0.8 , -0.4 , 0.2 , 0.68656
-0.8 , -0.4 , 0.4 , 0.6842199999999999
-0.8 , -0.4 , 0.6 , 0.6818799999999999
-0.8 , -0.4 , 0.8 , 0.6795399999999999
-0.8 , -0.4 , 1.0 , 0.6771999999999999
-0.8 , -0.2 , -1.0 , 0.7128000000000001
-0.8 , -0.2 , -0.8 , 0.71238
-0.8 , -0.2 , -0.6 , 0.71196
-0.8 , -0.2 , -0.4 , 0.71154
-0.8 , -0.2 , -0.2 , 0.7111200000000001
-0.8 , -0.2 , 0.0 , 0.7107
-0.8 , -0.2 , 0.2 , 0.7102799999999999
-0.8 , -0.2 , 0.4 , 0.70986
-0.8 , -0.2 , 0.6 , 0.70944
-0.8 , -0.2 , 0.8 , 0.70902
-0.8 , -0.2 , 1.0 , 0.7085999999999999
-0.8 , 0.0 , -1.0 , 0.7250000000000001
-0.8 , 0.0 , -0.8 , 0.7265
-0.8 , 0.0 , -0.6 , 0.7280000000000001
-0.8 , 0.0 , -0.4 , 0.7295
-0.8 , 0.0 , -0.2 , 0.7310000000000001
-0.8 , 0.0 , 0.0 , 0.7325
-0.8 , 0.0 , 0.2 , 0.734
-0.8 , 0.0 , 0.4 , 0.7355
-0.8 , 0.0 , 0.6 , 0.737
-0.8 , 0.0 , 0.8 , 0.7385
-0.8 , 0.0 , 1.0 , 0.74
-0.8 , 0.2 , -1.0 , 0.7372000000000001
-0.8 , 0.2 , -0.8 , 0.7406200000000001
-0.8 , 0.2 , -0.6 , 0.7440400000000001
-0.8 , 0.2 , -0.4 , 0.7474600000000001
-0.8 , 0.2 , -0.2 , 0.7508800000000001
-0.8 , 0.2 , 0.0 , 0.7543000000000001
-0.8 , 0.2 , 0.2 , 0.7577200000000001
-0.8 , 0.2 , 0.4 , 0.76114
-0.8 , 0.2 , 0.6 , 0.76456
-0.8 , 0.2 , 0.8 , 0.7679800000000001
-0.8 , 0.2 , 1.0 , 0.7714000000000001
-0.8 , 0.4 , -1.0 , 0.7494000000000002
-0.8 , 0.4 , -0.8 , 0.7547400000000001
-0.8 , 0.4 , -0.6 , 0.7600800000000002
-0.8 , 0.4 , -0.4 , 0.7654200000000001
-0.8 , 0.4 , -0.2 , 0.7707600000000002
-0.8 , 0.4 , 0.0 , 0.7761000000000001
-0.8 , 0.4 , 0.2 , 0.78144
-0.8 , 0.4 , 0.4 , 0.7867800000000001
-0.8 , 0.4 , 0.6 , 0.79212
-0.8 , 0.4 , 0.8 , 0.7974600000000002
-0.8 , 0.4 , 1.0 , 0.8028000000000001
-0.8 , 0.6 , -1.0 , 0.7616
-0.8 , 0.6 , -0.8 , 0.76886
-0.8 , 0.6 , -0.6 , 0.7761200000000001
-0.8 , 0.6 , -0.4 , 0.7833800000000001
-0.8 , 0.6 , -0.2 , 0.7906400000000001
-0.8 , 0.6 , 0.0 , 0.7979
-0.8 , 0.6 , 0.2 , 0.80516
-0.8 , 0.6 , 0.4 , 0.81242
-0.8 , 0.6 , 0.6 , 0.81968
-0.8 , 0.6 , 0.8 , 0.8269400000000001
-0.8 , 0.6 , 1.0 , 0.8342
-0.8 , 0.8 , -1.0 , 0.7738
-0.8 , 0.8 , -0.8 , 0.7829799999999999
-0.8 , 0.8 , -0.6 , 0.79216
-0.8 , 0.8 , -0.4 , 0.8013399999999999
-0.8 , 0.8 , -0.2 , 0.81052
-0.8 , 0.8 , 0.0 , 0.8197
-0.8 , 0.8 , 0.2 , 0.82888
-0.8 , 0.8 , 0.4 , 0.83806
-0.8 , 0.8 , 0.6 , 0.84724
-0.8 , 0.8 , 0.8 , 0.8564200000000001
-0.8 , 0.8 , 1.0 , 0.8655999999999999
-0.8 , 1.0 , -1.0 , 0.786
-0.8 , 1.0 , -0.8 , 0.7971
-0.8 , 1.0 , -0.6 , 0.8082
-0.8 , 1.0 , -0.4 , 0.8193
-0.8 , 1.0 , -0.2 , 0.8304
-0.8 , 1.0 , 0.0 , 0.8415
-0.8 , 1.0 , 0.2 , 0.8526
-0.8 , 1.0 , 0.4 , 0.8637
-0.8 , 1.0 , 0.6 , 0.8748
-0.8 , 1.0 , 0.8 , 0.8859
-0.8 , 1.0 , 1.0 , 0.897
-0.6 , -1.0 , -1.0 , 0.6580000000000001
-0.6 , -1.0 , -0.8 , 0.6498
-0.6 , -1.0 , -0.6 , 0.6416000000000001
-0.6 , -1.0 , -0.4 , 0.6334
-0.6 , -1.0 , -0.2 , 0.6252000000000001
-0.6 , -1.0 , 0.0 , 0.617
-0.6 , -1.0 , 0.2 , 0.6087999999999999
-0.6 , -1.0 , 0.4 , 0.6006
-0.6 , -1.0 , 0.6 , 0.5923999999999999
-0.6 , -1.0 , 0.8 , 0.5841999999999999
-0.6 , -1.0 , 1.0 , 0.5759999999999998
-0.6 , -0.8 , -1.0 , 0.6704000000000002
-0.6 , -0.8 , -0.8 , 0.6641400000000002
-0.6 , -0.8 , -0.6 , 0.6578800000000001
-0.6 , -0.8 , -0.4 , 0.6516200000000001
-0.6 , -0.8 , -0.2 , 0.6453600000000002
-0.6 , -0.8 , 0.0 , 0.6391000000000001
-0.6 , -0.8 , 0.2 , 0.6328400000000001
-0.6 , -0.8 , 0.4 , 0.6265800000000001
-0.6 , -0.8 , 0.6 , 0.6203200000000001
-0.6 , -0.8 , 0.8 , 0.61406
-0.6 , -0.8 , 1.0 , 0.6078
-0.6 , -0.6 , -1.0 , 0.6828000000000002
-0.6 , -0.6 , -0.8 , 0.6784800000000001
-0.6 , -0.6 , -0.6 , 0.6741600000000002
-0.6 , -0.6 , -0.4 , 0.6698400000000001
-0.6 , -0.6 , -0.2 , 0.6655200000000002
-0.6 , -0.6 , 0.0 , 0.6612000000000001
-0.6 , -0.6 , 0.2 , 0.65688
-0.6 , -0.6 , 0.4 , 0.6525600000000001
-0.6 , -0.6 , 0.6 , 0.64824
-0.6 , -0.6 , 0.8 , 0.6439200000000002
-0.6 , -0.6 , 1.0 , 0.6396000000000001
-0.6 , -0.4 , -1.0 , 0.6952
-0.6 , -0.4 , -0.8 , 0.69282
-0.6 , -0.4 , -0.6 , 0.69044
-0.6 , -0.4 , -0.4 , 0.68806
-0.6 , -0.4 , -0.2 , 0.6856800000000001
-0.6 , -0.4 , 0.0 , 0.6833
-0.6 , -0.4 , 0.2 , 0.68092
-0.6 , -0.4 , 0.4 , 0.67854
-0.6 , -0.4 , 0.6 , 0.67616
-0.6 , -0.4 , 0.8 , 0.67378
-0.6 , -0.4 , 1.0 , 0.6714
-0.6 , -0.2 , -1.0 , 0.7076000000000001
-0.6 , -0.2 , -0.8 , 0.70716
-0.6 , -0.2 , -0.6 , 0.7067200000000001
-0.6 , -0.2 , -0.4 , 0.70628
-0.6 , -0.2 , -0.2 , 0.7058400000000001
-0.6 , -0.2 , 0.0 , 0.7054
-0.6 , -0.2 , 0.2 , 0.7049599999999999
-0.6 , -0.2 , 0.4 , 0.70452
-0.6 , -0.2 , 0.6 , 0.7040799999999999
-0.6 , -0.2 , 0.8 , 0.70364
-0.6 , -0.2 , 1.0 , 0.7031999999999999
-0.6 , 0.0 , -1.0 , 0.7200000000000001
-0.6 , 0.0 , -0.8 , 0.7215
-0.6 , 0.0 , -0.6 , 0.7230000000000001
-0.6 , 0.0 , -0.4 , 0.7245
-0.6 , 0.0 , -0.2 , 0.7260000000000001
-0.6 , 0.0 , 0.0 , 0.7275
-0.6 , 0.0 , 0.2 , 0.729
-0.6 , 0.0 , 0.4 , 0.7305
-0.6 , 0.0 , 0.6 , 0.732
-0.6 , 0.0 , 0.8 , 0.7335
-0.6 , 0.0 , 1.0 , 0.735
-0.6 , 0.2 , -1.0 , 0.7324
-0.6 , 0.2 , -0.8 , 0.73584
-0.6 , 0.2 , -0.6 , 0.73928
-0.6 , 0.2 , -0.4 , 0.74272
-0.6 , 0.2 , -0.2 , 0.74616
-0.6 , 0.2 , 0.0 , 0.7496
-0.6 , 0.2 , 0.2 , 0.75304
-0.6 , 0.2 , 0.4 , 0.75648
-0.6 , 0.2 , 0.6 , 0.75992
-0.6 , 0.2 , 0.8 , 0.76336
-0.6 , 0.2 , 1.0 , 0.7668
-0.6 , 0.4 , -1.0 , 0.7448000000000001
-0.6 , 0.4 , -0.8 , 0.7501800000000001
-0.6 , 0.4 , -0.6 , 0.7555600000000001
-0.6 , 0.4 , -0.4 , 0.7609400000000001
-0.6 , 0.4 , -0.2 , 0.7663200000000001
-0.6 , 0.4 , 0.0 , 0.7717
-0.6 , 0.4 , 0.2 , 0.77708
-0.6 , 0.4 , 0.4 , 0.78246
-0.6 , 0.4 , 0.6 , 0.78784
-0.6 , 0.4 , 0.8 , 0.79322
-0.6 , 0.4 , 1.0 , 0.7986
-0.6 , 0.6 , -1.0 , 0.7572
-0.6 , 0.6 , -0.8 , 0.76452
-0.6 , 0.6 , -0.6 , 0.77184
-0.6 , 0.6 , -0.4 , 0.77916
-0.6 , 0.6 , -0.2 , 0.78648
-0.6 , 0.6 , 0.0 , 0.7938
-0.6 , 0.6 , 0.2 , 0.8011199999999999
-0.6 , 0.6 , 0.4 , 0.8084399999999999
-0.6 , 0.6 , 0.6 , 0.8157599999999999
-0.6 , 0.6 , 0.8 , 0.8230799999999999
-0.6 , 0.6 , 1.0 , 0.8303999999999999
-0.6 , 0.8 , -1.0 , 0.7696
-0.6 , 0.8 , -0.8 , 0.7788599999999999
-0.6 , 0.8 , -0.6 , 0.78812
-0.6 , 0.8 , -0.4 , 0.79738
-0.6 , 0.8 , -0.2 , 0.80664
-0.6 , 0.8 , 0.0 , 0.8159
-0.6 , 0.8 , 0.2 , 0.8251599999999999
-0.6 , 0.8 , 0.4 , 0.8344199999999999
-0.6 , 0.8 , 0.6 , 0.8436799999999999
-0.6 , 0.8 , 0.8 , 0.85294
-0.6 , 0.8 , 1.0 , 0.8622
-0.6 , 1.0 , -1.0 , 0.782
-0.6 , 1.0 , -0.8 , 0.7932
-0.6 , 1.0 , -0.6 , 0.8044000000000001
-0.6 , 1.0 , -0.4 , 0.8156000000000001
-0.6 , 1.0 , -0.2 , 0.8268000000000001
-0.6 , 1.0 , 0.0 , 0.8380000000000001
-0.6 , 1.0 , 0.2 , 0.8492000000000001
-0.6 , 1.0 , 0.4 , 0.8604
-0.6 , 1.0 , 0.6 , 0.8716
-0.6 , 1.0 , 0.8 , 0.8828000000000001
-0.6 , 1.0 , 1.0 , 0.8940000000000001
-0.4 , -1.0 , -1.0 , 0.6520000000000001
-0.4 , -1.0 , -0.8 , 0.6437
-0.4 , -1.0 , -0.6 , 0.6354000000000001
-0.4 , -1.0 , -0.4 , 0.6271000000000001
-0.4 , -1.0 , -0.2 , 0.6188000000000001
-0.4 , -1.0 , 0.0 , 0.6105
-0.4 , -1.0 , 0.2 , 0.6022
-0.4 , -1.0 , 0.4 , 0.5939
-0.4 , -1.0 , 0.6 , 0.5856
-0.4 , -1.0 , 0.8 , 0.5773
-0.4 , -1.0 , 1.0 , 0.569
-0.4 , -0.8 , -1.0 , 0.6646000000000001
-0.4 , -0.8 , -0.8 , 0.6582600000000001
-0.4 , -0.8 , -0.6 , 0.65192
-0.4 , -0.8 , -0.4 , 0.64558
-0.4 , -0.8 , -0.2 , 0.63924
-0.4 , -0.8 , 0.0 , 0.6329
-0.4 , -0.8 , 0.2 , 0.62656
-0.4 , -0.8 , 0.4 , 0.62022
-0.4 , -0.8 , 0.6 , 0.61388
-0.4 , -0.8 , 0.8 , 0.60754
-0.4 , -0.8 , 1.0 , 0.6012
-0.4 , -0.6 , -1.0 , 0.6772
-0.4 , -0.6 , -0.8 , 0.67282
-0.4 , -0.6 , -0.6 , 0.66844
-0.4 , -0.6 , -0.4 , 0.66406
-0.4 , -0.6 , -0.2 , 0.65968
-0.4 , -0.6 , 0.0 , 0.6553
-0.4 , -0.6 , 0.2 , 0.6509199999999999
-0.4 , -0.6 , 0.4 , 0.64654
-0.4 , -0.6 , 0.6 , 0.64216
-0.4 , -0.6 , 0.8 , 0.63778
-0.4 , -0.6 , 1.0 , 0.6334
-0.4 , -0.4 , -1.0 , 0.6898000000000001
-0.4 , -0.4 , -0.8 , 0.68738
-0.4 , -0.4 , -0.6 , 0.68496
-0.4 , -0.4 , -0.4 , 0.6825399999999999
-0.4 , -0.4 , -0.2 , 0.6801200000000001
-0.4 , -0.4 , 0.0 , 0.6777
-0.4 , -0.4 , 0.2 , 0.6752799999999999
-0.4 , -0.4 , 0.4 , 0.67286
-0.4 , -0.4 , 0.6 , 0.6704399999999999
-0.4 , -0.4 , 0.8 , 0.66802
-0.4 , -0.4 , 1.0 , 0.6655999999999999
-0.4 , -0.2 , -1.0 , 0.7024000000000001
-0.4 , -0.2 , -0.8 , 0.70194
-0.4 , -0.2 , -0.6 , 0.7014800000000001
-0.4 , -0.2 , -0.4 , 0.7010200000000001
-0.4 , -0.2 , -0.2 , 0.7005600000000001
-0.4 , -0.2 , 0.0 , 0.7001000000000001
-0.4 , -0.2 , 0.2 , 0.69964
-0.4 , -0.2 , 0.4 , 0.69918
-0.4 , -0.2 , 0.6 , 0.69872
-0.4 , -0.2 , 0.8 , 0.6982600000000001
-0.4 , -0.2 , 1.0 , 0.6978
-0.4 , 0.0 , -1.0 , 0.7150000000000001
-0.4 , 0.0 , -0.8 , 0.7165
-0.4 , 0.0 , -0.6 , 0.7180000000000001
-0.4 , 0.0 , -0.4 , 0.7195
-0.4 , 0.0 , -0.2 , 0.7210000000000001
-0.4 , 0.0 , 0.0 , 0.7225
-0.4 , 0.0 , 0.2 , 0.724
-0.4 , 0.0 , 0.4 , 0.7255
-0.4 , 0.0 , 0.6 , 0.727
-0.4 , 0.0 , 0.8 , 0.7285
-0.4 , 0.0 , 1.0 , 0.73
-0.4 , 0.2 , -1.0 , 0.7276
-0.4 , 0.2 , -0.8 , 0.73106
-0.4 , 0.2 , -0.6 , 0.7345200000000001
-0.4 , 0.2 , -0.4 , 0.73798
-0.4 , 0.2 , -0.2 , 0.7414400000000001
-0.4 , 0.2 , 0.0 , 0.7449
-0.4 , 0.2 , 0.2 , 0.7483599999999999
-0.4 , 0.2 , 0.4 , 0.75182
-0.4 , 0.2 , 0.6 , 0.75528
-0.4 , 0.2 , 0.8 , 0.75874
-0.4 , 0.2 , 1.0 , 0.7622
-0.4 , 0.4 , -1.0 , 0.7402000000000001
-0.4 , 0.4 , -0.8 , 0.7456200000000001
-0.4 , 0.4 , -0.6 , 0.7510400000000002
-0.4 , 0.4 , -0.4 , 0.7564600000000001
-0.4 , 0.4 , -0.2 , 0.7618800000000001
-0.4 , 0.4 , 0.0 , 0.7673000000000001
-0.4 , 0.4 , 0.2 , 0.7727200000000001
-0.4 , 0.4 , 0.4 , 0.77814
-0.4 , 0.4 , 0.6 , 0.78356
-0.4 , 0.4 , 0.8 , 0.7889800000000001
-0.4 , 0.4 , 1.0 , 0.7944000000000001
-0.4 , 0.6 , -1.0 , 0.7528000000000001
-0.4 , 0.6 , -0.8 , 0.7601800000000001
-0.4 , 0.6 , -0.6 , 0.7675600000000001
-0.4 , 0.6 , -0.4 , 0.7749400000000001
-0.4 , 0.6 , -0.2 , 0.7823200000000001
-0.4 , 0.6 , 0.0 , 0.7897000000000001
-0.4 , 0.6 , 0.2 , 0.79708
-0.4 , 0.6 , 0.4 , 0.8044600000000001
-0.4 , 0.6 , 0.6 , 0.81184
-0.4 , 0.6 , 0.8 , 0.8192200000000001
-0.4 , 0.6 , 1.0 , 0.8266
-0.4 , 0.8 , -1.0 , 0.7654000000000001
-0.4 , 0.8 , -0.8 , 0.77474
-0.4 , 0.8 , -0.6 , 0.7840800000000001
-0.4 , 0.8 , -0.4 , 0.79342
-0.4 , 0.8 , -0.2 , 0.8027600000000001
-0.4 , 0.8 , 0.0 , 0.8121
-0.4 , 0.8 , 0.2 , 0.82144
-0.4 , 0.8 , 0.4 , 0.8307800000000001
-0.4 , 0.8 , 0.6 , 0.84012
-0.4 , 0.8 , 0.8 , 0.8494600000000001
-0.4 , 0.8 , 1.0 , 0.8588
-0.4 , 1.0 , -1.0 , 0.778
-0.4 , 1.0 , -0.8 , 0.7893
-0.4 , 1.0 , -0.6 , 0.8006000000000001
-0.4 , 1.0 , -0.4 , 0.8119
-0.4 , 1.0 , -0.2 , 0.8232
-0.4 , 1.0 , 0.0 , 0.8345
-0.4 , 1.0 , 0.2 , 0.8458
-0.4 , 1.0 , 0.4 , 0.8571000000000001
-0.4 , 1.0 , 0.6 , 0.8684
-0.4 , 1.0 , 0.8 , 0.8797
-0.4 , 1.0 , 1.0 , 0.891
-0.2 , -1.0 , -1.0 , 0.6460000000000001
-0.2 , -1.0 , -0.8 , 0.6376000000000001
-0.2 , -1.0 , -0.6 , 0.6292000000000001
-0.2 , -1.0 , -0.4 , 0.6208
-0.2 , -1.0 , -0.2 , 0.6124
-0.2 , -1.0 , 0.0 , 0.604
-0.2 , -1.0 , 0.2 , 0.5955999999999999
-0.2 , -1.0 , 0.4 , 0.5871999999999999
-0.2 , -1.0 , 0.6 , 0.5787999999999999
-0.2 , -1.0 , 0.8 , 0.5703999999999999
-0.2 , -1.0 , 1.0 , 0.5619999999999998
-0.2 , -0.8 , -1.0 , 0.6588000000000002
-0.2 , -0.8 , -0.8 , 0.6523800000000001
-0.2 , -0.8 , -0.6 , 0.6459600000000001
-0.2 , -0.8 , -0.4 , 0.63954
-0.2 , -0.8 , -0.2 , 0.6331200000000001
-0.2 , -0.8 , 0.0 , 0.6267
-0.2 , -0.8 , 0.2 , 0.6202799999999999
-0.2 , -0.8 , 0.4 , 0.6138600000000001
-0.2 , -0.8 , 0.6 , 0.60744
-0.2 , -0.8 , 0.8 , 0.60102
-0.2 , -0.8 , 1.0 , 0.5945999999999999
-0.2 , -0.6 , -1.0 , 0.6716000000000002
-0.2 , -0.6 , -0.8 , 0.6671600000000001
-0.2 , -0.6 , -0.6 , 0.6627200000000002
-0.2 , -0.6 , -0.4 , 0.6582800000000001
-0.2 , -0.6 , -0.2 , 0.6538400000000002
-0.2 , -0.6 , 0.0 , 0.6494000000000001
-0.2 , -0.6 , 0.2 , 0.64496
-0.2 , -0.6 , 0.4 , 0.6405200000000001
-0.2 , -0.6 , 0.6 , 0.63608
-0.2 , -0.6 , 0.8 , 0.6316400000000001
-0.2 , -0.6 , 1.0 , 0.6272
-0.2 , -0.4 , -1.0 , 0.6844000000000001
-0.2 , -0.4 , -0.8 , 0.68194
-0.2 , -0.4 , -0.6 , 0.6794800000000001
-0.2 , -0.4 , -0.4 , 0.6770200000000001
-0.2 , -0.4 , -0.2 , 0.67456
-0.2 , -0.4 , 0.0 , 0.6721
-0.2 , -0.4 , 0.2 , 0.66964
-0.2 , -0.4 , 0.4 , 0.66718
-0.2 , -0.4 , 0.6 , 0.66472
-0.2 , -0.4 , 0.8 , 0.6622600000000001
-0.2 , -0.4 , 1.0 , 0.6597999999999999
-0.2 , -0.2 , -1.0 , 0.6972
-0.2 , -0.2 , -0.8 , 0.69672
-0.2 , -0.2 , -0.6 , 0.6962400000000001
-0.2 , -0.2 , -0.4 , 0.6957599999999999
-0.2 , -0.2 , -0.2 , 0.69528
-0.2 , -0.2 , 0.0 , 0.6948
-0.2 , -0.2 , 0.2 , 0.6943199999999999
-0.2 , -0.2 , 0.4 , 0.69384
-0.2 , -0.2 , 0.6 , 0.6933599999999999
-0.2 , -0.2 , 0.8 , 0.6928799999999999
-0.2 , -0.2 , 1.0 , 0.6923999999999999
-0.2 , 0.0 , -1.0 , 0.7100000000000001
-0.2 , 0.0 , -0.8 , 0.7115
-0.2 , 0.0 , -0.6 , 0.7130000000000001
-0.2 , 0.0 , -0.4 , 0.7145
-0.2 , 0.0 , -0.2 , 0.7160000000000001
-0.2 , 0.0 , 0.0 , 0.7175
-0.2 , 0.0 , 0.2 , 0.719
-0.2 , 0.0 , 0.4 , 0.7205
-0.2 , 0.0 , 0.6 , 0.722
-0.2 , 0.0 , 0.8 , 0.7235
-0.2 , 0.0 , 1.0 , 0.725
-0.2 , 0.2 , -1.0 , 0.7228000000000001
-0.2 , 0.2 , -0.8 , 0.72628
-0.2 , 0.2 , -0.6 , 0.7297600000000001
-0.2 , 0.2 , -0.4 , 0.7332400000000001
-0.2 , 0.2 , -0.2 , 0.7367200000000002
-0.2 , 0.2 , 0.0 , 0.7402000000000001
-0.2 , 0.2 , 0.2 , 0.74368
-0.2 , 0.2 , 0.4 , 0.74716
-0.2 , 0.2 , 0.6 , 0.7506400000000001
-0.2 , 0.2 , 0.8 , 0.7541200000000001
-0.2 , 0.2 , 1.0 , 0.7576
-0.2 , 0.4 , -1.0 , 0.7356
-0.2 , 0.4 , -0.8 , 0.74106
-0.2 , 0.4 , -0.6 , 0.7465200000000001
-0.2 , 0.4 , -0.4 , 0.75198
-0.2 , 0.4 , -0.2 , 0.7574400000000001
-0.2 , 0.4 , 0.0 , 0.7629
-0.2 , 0.4 , 0.2 , 0.7683599999999999
-0.2 , 0.4 , 0.4 , 0.7738200000000001
-0.2 , 0.4 , 0.6 , 0.77928
-0.2 , 0.4 , 0.8 , 0.78474
-0.2 , 0.4 , 1.0 , 0.7902
-0.2 , 0.6 , -1.0 , 0.7484
-0.2 , 0.6 , -0.8 , 0.75584
-0.2 , 0.6 , -0.6 , 0.76328
-0.2 , 0.6 , -0.4 , 0.77072
-0.2 , 0.6 , -0.2 , 0.77816
-0.2 , 0.6 , 0.0 , 0.7856
-0.2 , 0.6 , 0.2 , 0.79304
-0.2 , 0.6 , 0.4 , 0.80048
-0.2 , 0.6 , 0.6 , 0.80792
-0.2 , 0.6 , 0.8 , 0.81536
-0.2 , 0.6 , 1.0 , 0.8228
-0.2 , 0.8 , -1.0 , 0.7612
-0.2 , 0.8 , -0.8 , 0.77062
-0.2 , 0.8 , -0.6 , 0.7800400000000001
-0.2 , 0.8 , -0.4 , 0.78946
-0.2 , 0.8 , -0.2 , 0.79888
-0.2 , 0.8 , 0.0 , 0.8083
-0.2 , 0.8 , 0.2 , 0.81772
-0.2 , 0.8 , 0.4 , 0.82714
-0.2 , 0.8 , 0.6 , 0.83656
-0.2 , 0.8 , 0.8 , 0.8459800000000001
-0.2 , 0.8 , 1.0 , 0.8554
-0.2 , 1.0 , -1.0 , 0.774
-0.2 , 1.0 , -0.8 , 0.7854
-0.2 , 1.0 , -0.6 , 0.7968000000000001
-0.2 , 1.0 , -0.4 , 0.8082
-0.2 , 1.0 , -0.2 , 0.8196000000000001
-0.2 , 1.0 , 0.0 , 0.8310000000000001
-0.2 , 1.0 , 0.2 , 0.8424
-0.2 , 1.0 , 0.4 , 0.8538000000000001
-0.2 , 1.0 , 0.6 , 0.8652000000000001
-0.2 , 1.0 , 0.8 , 0.8766000000000002
-0.2 , 1.0 , 1.0 , 0.8880000000000001
0.0 , -1.0 , -1.0 , 0.6400000000000001
0.0 , -1.0 , -0.8 , 0.6315000000000001
0.0 , -1.0 , -0.6 , 0.6230000000000001
0.0 , -1.0 , -0.4 , 0.6145
0.0 , -1.0 , -0.2 , 0.6060000000000001
0.0 , -1.0 , 0.0 , 0.5975
0.0 , -1.0 , 0.2 , 0.589
0.0 , -1.0 , 0.4 , 0.5805
0.0 , -1.0 , 0.6 , 0.572
0.0 , -1.0 , 0.8 , 0.5635
0.0 , -1.0 , 1.0 , 0.5549999999999999
0.0 , -0.8 , -1.0 , 0.6530000000000001
0.0 , -0.8 , -0.8 , 0.6465000000000001
0.0 , -0.8 , -0.6 , 0.6400000000000001
0.0 , -0.8 , -0.4 , 0.6335000000000001
0.0 , -0.8 , -0.2 , 0.6270000000000001
0.0 , -0.8 , 0.0 , 0.6205
0.0 , -0.8 , 0.2 , 0.614
0.0 , -0.8 , 0.4 , 0.6075
0.0 , -0.8 , 0.6 , 0.601
0.0 , -0.8 , 0.8 , 0.5945
0.0 , -0.8 , 1.0 , 0.588
0.0 , -0.6 , -1.0 , 0.666
0.0 , -0.6 , -0.8 , 0.6615
0.0 , -0.6 , -0.6 , 0.657
0.0 , -0.6 , -0.4 , 0.6525
0.0 , -0.6 , -0.2 , 0.648
0.0 , -0.6 , 0.0 , 0.6435
0.0 , -0.6 , 0.2 , 0.6389999999999999
0.0 , -0.6 , 0.4 , 0.6345
0.0 , -0.6 , 0.6 , 0.6299999999999999
0.0 , -0.6 , 0.8 , 0.6255
0.0 , -0.6 , 1.0 , 0.6209999999999999
0.0 , -0.4 , -1.0 , 0.679
0.0 , -0.4 , -0.8 , 0.6765
0.0 , -0.4 , -0.6 , 0.674
0.0 , -0.4 , -0.4 , 0.6715
0.0 , -0.4 , -0.2 , 0.669
0.0 , -0.4 , 0.0 , 0.6665
0.0 , -0.4 , 0.2 , 0.6639999999999999
0.0 , -0.4 , 0.4 , 0.6615
0.0 , -0.4 , 0.6 , 0.6589999999999999
0.0 , -0.4 , 0.8 , 0.6565
0.0 , -0.4 , 1.0 , 0.6539999999999999
0.0 , -0.2 , -1.0 , 0.6920000000000001
0.0 , -0.2 , -0.8 , 0.6915
0.0 , -0.2 , -0.6 , 0.6910000000000001
0.0 , -0.2 , -0.4 , 0.6905
0.0 , -0.2 , -0.2 , 0.6900000000000001
0.0 , -0.2 , 0.0 , 0.6895
0.0 , -0.2 , 0.2 , 0.689
0.0 , -0.2 , 0.4 , 0.6885
0.0 , -0.2 , 0.6 , 0.688
0.0 , -0.2 , 0.8 , 0.6875
0.0 , -0.2 , 1.0 , 0.6869999999999999
0.0 , 0.0 , -1.0 , 0.7050000000000001
0.0 , 0.0 , -0.8 , 0.7065
0.0 , 0.0 , -0.6 , 0.7080000000000001
0.0 , 0.0 , -0.4 , 0.7095
0.0 , 0.0 , -0.2 , 0.7110000000000001
0.0 , 0.0 , 0.0 , 0.7125
0.0 , 0.0 , 0.2 , 0.714
0.0 , 0.0 , 0.4 , 0.7155
0.0 , 0.0 , 0.6 , 0.717
0.0 , 0.0 , 0.8 , 0.7185
0.0 , 0.0 , 1.0 , 0.72
0.0 , 0.2 , -1.0 , 0.7180000000000001
0.0 , 0.2 , -0.8 , 0.7215
0.0 , 0.2 , -0.6 , 0.7250000000000001
0.0 , 0.2 , -0.4 , 0.7285
0.0 , 0.2 , -0.2 , 0.7320000000000001
0.0 , 0.2 , 0.0 , 0.7355
0.0 , 0.2 , 0.2 , 0.739
0.0 , 0.2 , 0.4 , 0.7425
0.0 , 0.2 , 0.6 , 0.746
0.0 , 0.2 , 0.8 , 0.7495
0.0 , 0.2 , 1.0 , 0.753
0.0 , 0.4 , -1.0 , 0.7310000000000001
0.0 , 0.4 , -0.8 , 0.7365
0.0 , 0.4 , -0.6 , 0.7420000000000001
0.0 , 0.4 , -0.4 , 0.7475
0.0 , 0.4 , -0.2 , 0.7530000000000001
0.0 , 0.4 , 0.0 , 0.7585000000000001
0.0 , 0.4 , 0.2 , 0.764
0.0 , 0.4 , 0.4 , 0.7695000000000001
0.0 , 0.4 , 0.6 , 0.775
0.0 , 0.4 , 0.8 , 0.7805000000000001
0.0 , 0.4 , 1.0 , 0.786
0.0 , 0.6 , -1.0 , 0.7440000000000001
0.0 , 0.6 , -0.8 , 0.7515000000000001
0.0 , 0.6 , -0.6 , 0.7590000000000001
0.0 , 0.6 , -0.4 , 0.7665000000000001
0.0 , 0.6 , -0.2 , 0.7740000000000001
0.0 , 0.6 , 0.0 , 0.7815000000000001
0.0 , 0.6 , 0.2 , 0.789
0.0 , 0.6 , 0.4 , 0.7965000000000001
0.0 , 0.6 , 0.6 , 0.804
0.0 , 0.6 , 0.8 , 0.8115000000000001
0.0 , 0.6 , 1.0 , 0.8190000000000001
0.0 , 0.8 , -1.0 , 0.757
0.0 , 0.8 , -0.8 , 0.7665
0.0 , 0.8 , -0.6 , 0.776
0.0 , 0.8 , -0.4 , 0.7855
0.0 , 0.8 , -0.2 , 0.795
0.0 , 0.8 , 0.0 , 0.8045
0.0 , 0.8 , 0.2 , 0.814
0.0 , 0.8 , 0.4 , 0.8235
0.0 , 0.8 , 0.6 , 0.833
0.0 , 0.8 , 0.8 , 0.8425
0.0 , 0.8 , 1.0 , 0.852
0.0 , 1.0 , -1.0 , 0.77
0.0 , 1.0 , -0.8 , 0.7815
0.0 , 1.0 , -0.6 , 0.793
0.0 , 1.0 , -0.4 , 0.8045
0.0 , 1.0 , -0.2 , 0.8160000000000001
0.0 , 1.0 , 0.0 , 0.8275
0.0 , 1.0 , 0.2 , 0.839
0.0 , 1.0 , 0.4 , 0.8505
0.0 , 1.0 , 0.6 , 0.862
0.0 , 1.0 , 0.8 , 0.8735
0.0 , 1.0 , 1.0 , 0.885
0.2 , -1.0 , -1.0 , 0.6340000000000001
0.2 , -1.0 , -0.8 , 0.6254000000000001
0.2 , -1.0 , -0.6 , 0.6168000000000001
0.2 , -1.0 , -0.4 , 0.6082000000000001
0.2 , -1.0 , -0.2 , 0.5996000000000001
0.2 , -1.0 , 0.0 , 0.5910000000000001
0.2 , -1.0 , 0.2 , 0.5824
0.2 , -1.0 , 0.4 , 0.5738000000000001
0.2 , -1.0 , 0.6 , 0.5652
0.2 , -1.0 , 0.8 , 0.5566000000000001
0.2 , -1.0 , 1.0 , 0.548
0.2 , -0.8 , -1.0 , 0.6472000000000001
0.2 , -0.8 , -0.8 , 0.6406200000000001
0.2 , -0.8 , -0.6 , 0.6340400000000002
0.2 , -0.8 , -0.4 , 0.6274600000000001
0.2 , -0.8 , -0.2 , 0.6208800000000001
0.2 , -0.8 , 0.0 , 0.6143000000000001
0.2 , -0.8 , 0.2 , 0.60772
0.2 , -0.8 , 0.4 , 0.60114
0.2 , -0.8 , 0.6 , 0.59456
0.2 , -0.8 , 0.8 , 0.5879800000000001
0.2 , -0.8 , 1.0 , 0.5814
0.2 , -0.6 , -1.0 , 0.6604000000000001
0.2 , -0.6 , -0.8 , 0.6558400000000001
0.2 , -0.6 , -0.6 , 0.6512800000000001
0.2 , -0.6 , -0.4 , 0.6467200000000001
0.2 , -0.6 , -0.2 , 0.6421600000000001
0.2 , -0.6 , 0.0 , 0.6376000000000001
0.2 , -0.6 , 0.2 , 0.63304
0.2 , -0.6 , 0.4 , 0.62848
0.2 , -0.6 , 0.6 , 0.62392
0.2 , -0.6 , 0.8 , 0.61936
0.2 , -0.6 , 1.0 , 0.6148
0.2 , -0.4 , -1.0 , 0.6736
0.2 , -0.4 , -0.8 , 0.67106
0.2 , -0.4 , -0.6 , 0.66852
0.2 , -0.4 , -0.4 , 0.6659799999999999
0.2 , -0.4 , -0.2 , 0.66344
0.2 , -0.4 , 0.0 , 0.6608999999999999
0.2 , -0.4 , 0.2 , 0.6583599999999998
0.2 , -0.4 , 0.4 , 0.65582
0.2 , -0.4 , 0.6 , 0.6532799999999999
0.2 , -0.4 , 0.8 , 0.6507399999999999
0.2 , -0.4 , 1.0 , 0.6481999999999999
0.2 , -0.2 , -1.0 , 0.6868000000000001
0.2 , -0.2 , -0.8 , 0.68628
0.2 , -0.2 , -0.6 , 0.68576
0.2 , -0.2 , -0.4 , 0.6852400000000001
0.2 , -0.2 , -0.2 , 0.6847200000000001
0.2 , -0.2 , 0.0 , 0.6842
0.2 , -0.2 , 0.2 , 0.68368
0.2 , -0.2 , 0.4 , 0.68316
0.2 , -0.2 , 0.6 , 0.68264
0.2 , -0.2 , 0.8 , 0.6821200000000001
0.2 , -0.2 , 1.0 , 0.6816
0.2 , 0.0 , -1.0 , 0.7000000000000001
0.2 , 0.0 , -0.8 , 0.7015
0.2 , 0.0 , -0.6 , 0.7030000000000001
0.2 , 0.0 , -0.4 , 0.7045
0.2 , 0.0 , -0.2 , 0.7060000000000001
0.2 , 0.0 , 0.0 , 0.7075
0.2 , 0.0 , 0.2 , 0.709
0.2 , 0.0 , 0.4 , 0.7105
0.2 , 0.0 , 0.6 , 0.712
0.2 , 0.0 , 0.8 , 0.7135
0.2 , 0.0 , 1.0 , 0.715
0.2 , 0.2 , -1.0 , 0.7132000000000001
0.2 , 0.2 , -0.8 , 0.71672
0.2 , 0.2 , -0.6 , 0.7202400000000001
0.2 , 0.2 , -0.4 , 0.72376
0.2 , 0.2 , -0.2 , 0.72728
0.2 , 0.2 , 0.0 , 0.7308
0.2 , 0.2 , 0.2 , 0.73432
0.2 , 0.2 , 0.4 , 0.73784
0.2 , 0.2 , 0.6 , 0.7413599999999999
0.2 , 0.2 , 0.8 , 0.74488
0.2 , 0.2 , 1.0 , 0.7484
0.2 , 0.4 , -1.0 , 0.7264000000000002
0.2 , 0.4 , -0.8 , 0.73194
0.2 , 0.4 , -0.6 , 0.7374800000000001
0.2 , 0.4 , -0.4 , 0.7430200000000001
0.2 , 0.4 , -0.2 , 0.7485600000000001
0.2 , 0.4 , 0.0 , 0.7541000000000001
0.2 , 0.4 , 0.2 , 0.7596400000000001
0.2 , 0.4 , 0.4 , 0.7651800000000001
0.2 , 0.4 , 0.6 , 0.7707200000000001
0.2 , 0.4 , 0.8 , 0.7762600000000002
0.2 , 0.4 , 1.0 , 0.7818
0.2 , 0.6 , -1.0 , 0.7396
0.2 , 0.6 , -0.8 , 0.7471599999999999
0.2 , 0.6 , -0.6 , 0.7547200000000001
0.2 , 0.6 , -0.4 , 0.76228
0.2 , 0.6 , -0.2 , 0.7698400000000001
0.2 , 0.6 , 0.0 , 0.7774
0.2 , 0.6 , 0.2 , 0.7849599999999999
0.2 , 0.6 , 0.4 , 0.79252
0.2 , 0.6 , 0.6 , 0.8000799999999999
0.2 , 0.6 , 0.8 , 0.80764
0.2 , 0.6 , 1.0 , 0.8151999999999999
0.2 , 0.8 , -1.0 , 0.7528
0.2 , 0.8 , -0.8 , 0.76238
0.2 , 0.8 , -0.6 , 0.77196
0.2 , 0.8 , -0.4 , 0.7815399999999999
0.2 , 0.8 , -0.2 , 0.79112
0.2 , 0.8 , 0.0 , 0.8007
0.2 , 0.8 , 0.2 , 0.8102799999999999
0.2 , 0.8 , 0.4 , 0.81986
0.2 , 0.8 , 0.6 , 0.82944
0.2 , 0.8 , 0.8 , 0.83902
0.2 , 0.8 , 1.0 , 0.8485999999999999
0.2 , 1.0 , -1.0 , 0.766
0.2 , 1.0 , -0.8 , 0.7776
0.2 , 1.0 , -0.6 , 0.7892
0.2 , 1.0 , -0.4 , 0.8008
0.2 , 1.0 , -0.2 , 0.8124
0.2 , 1.0 , 0.0 , 0.824
0.2 , 1.0 , 0.2 , 0.8355999999999999
0.2 , 1.0 , 0.4 , 0.8472
0.2 , 1.0 , 0.6 , 0.8587999999999999
0.2 , 1.0 , 0.8 , 0.8704
0.2 , 1.0 , 1.0 , 0.8819999999999999
0.4 , -1.0 , -1.0 , 0.6280000000000001
0.4 , -1.0 , -0.8 , 0.6193000000000001
0.4 , -1.0 , -0.6 , 0.6106000000000001
0.4 , -1.0 , -0.4 , 0.6019
0.4 , -1.0 , -0.2 , 0.5932000000000001
0.4 , -1.0 , 0.0 , 0.5845
0.4 , -1.0 , 0.2 , 0.5758
0.4 , -1.0 , 0.4 , 0.5671
0.4 , -1.0 , 0.6 , 0.5583999999999999
0.4 , -1.0 , 0.8 , 0.5497
0.4 , -1.0 , 1.0 , 0.5409999999999999
0.4 , -0.8 , -1.0 , 0.6414000000000002
0.4 , -0.8 , -0.8 , 0.6347400000000001
0.4 , -0.8 , -0.6 , 0.6280800000000002
0.4 , -0.8 , -0.4 , 0.6214200000000001
0.4 , -0.8 , -0.2 , 0.6147600000000002
0.4 , -0.8 , 0.0 , 0.6081000000000001
0.4 , -0.8 , 0.2 , 0.60144
0.4 , -0.8 , 0.4 , 0.5947800000000001
0.4 , -0.8 , 0.6 , 0.58812
0.4 , -0.8 , 0.8 , 0.5814600000000001
0.4 , -0.8 , 1.0 , 0.5748
0.4 , -0.6 , -1.0 , 0.6548
0.4 , -0.6 , -0.8 , 0.65018
0.4 , -0.6 , -0.6 , 0.64556
0.4 , -0.6 , -0.4 , 0.64094
0.4 , -0.6 , -0.2 , 0.63632
0.4 , -0.6 , 0.0 , 0.6316999999999999
0.4 , -0.6 , 0.2 , 0.6270799999999999
0.4 , -0.6 , 0.4 , 0.6224599999999999
0.4 , -0.6 , 0.6 , 0.6178399999999998
0.4 , -0.6 , 0.8 , 0.6132199999999999
0.4 , -0.6 , 1.0 , 0.6085999999999998
0.4 , -0.4 , -1.0 , 0.6682
0.4 , -0.4 , -0.8 , 0.66562
0.4 , -0.4 , -0.6 , 0.6630400000000001
0.4 , -0.4 , -0.4 , 0.66046
0.4 , -0.4 , -0.2 , 0.65788
0.4 , -0.4 , 0.0 , 0.6553
0.4 , -0.4 , 0.2 , 0.65272
0.4 , -0.4 , 0.4 , 0.6501399999999999
0.4 , -0.4 , 0.6 , 0.6475599999999999
0.4 , -0.4 , 0.8 , 0.64498
0.4 , -0.4 , 1.0 , 0.6424
0.4 , -0.2 , -1.0 , 0.6816
0.4 , -0.2 , -0.8 , 0.68106
0.4 , -0.2 , -0.6 , 0.68052
0.4 , -0.2 , -0.4 , 0.6799799999999999
0.4 , -0.2 , -0.2 , 0.67944
0.4 , -0.2 , 0.0 , 0.6789
0.4 , -0.2 , 0.2 , 0.6783599999999999
0.4 , -0.2 , 0.4 , 0.67782
0.4 , -0.2 , 0.6 , 0.6772799999999999
0.4 , -0.2 , 0.8 , 0.6767399999999999
0.4 , -0.2 , 1.0 , 0.6761999999999999
0.4 , 0.0 , -1.0 , 0.6950000000000001
0.4 , 0.0 , -0.8 , 0.6965
0.4 , 0.0 , -0.6 , 0.6980000000000001
0.4 , 0.0 , -0.4 , 0.6995
0.4 , 0.0 , -0.2 , 0.7010000000000001
0.4 , 0.0 , 0.0 , 0.7025
0.4 , 0.0 , 0.2 , 0.704
0.4 , 0.0 , 0.4 , 0.7055
0.4 , 0.0 , 0.6 , 0.707
0.4 , 0.0 , 0.8 , 0.7085
0.4 , 0.0 , 1.0 , 0.71
0.4 , 0.2 , -1.0 , 0.7084000000000001
0.4 , 0.2 , -0.8 , 0.71194
0.4 , 0.2 , -0.6 , 0.7154800000000001
0.4 , 0.2 , -0.4 , 0.7190200000000001
0.4 , 0.2 , -0.2 , 0.7225600000000001
0.4 , 0.2 , 0.0 , 0.7261000000000001
0.4 , 0.2 , 0.2 , 0.7296400000000001
0.4 , 0.2 , 0.4 , 0.73318
0.4 , 0.2 , 0.6 , 0.73672
0.4 , 0.2 , 0.8 , 0.7402600000000001
0.4 , 0.2 , 1.0 , 0.7438
0.4 , 0.4 , -1.0 , 0.7218000000000001
0.4 , 0.4 , -0.8 , 0.72738
0.4 , 0.4 , -0.6 , 0.7329600000000001
0.4 , 0.4 , -0.4 , 0.73854
0.4 , 0.4 , -0.2 , 0.7441200000000001
0.4 , 0.4 , 0.0 , 0.7497
0.4 , 0.4 , 0.2 , 0.75528
0.4 , 0.4 , 0.4 , 0.7608600000000001
0.4 , 0.4 , 0.6 , 0.76644
0.4 , 0.4 , 0.8 , 0.77202
0.4 , 0.4 , 1.0 , 0.7776
0.4 , 0.6 , -1.0 , 0.7352000000000001
0.4 , 0.6 , -0.8 , 0.74282
0.4 , 0.6 , -0.6 , 0.7504400000000001
0.4 , 0.6 , -0.4 , 0.7580600000000001
0.4 , 0.6 , -0.2 , 0.7656800000000001
0.4 , 0.6 , 0.0 , 0.7733000000000001
0.4 , 0.6 , 0.2 , 0.7809200000000001
0.4 , 0.6 , 0.4 , 0.7885400000000001
0.4 , 0.6 , 0.6 , 0.7961600000000001
0.4 , 0.6 , 0.8 , 0.8037800000000002
0.4 , 0.6 , 1.0 , 0.8114000000000001
0.4 , 0.8 , -1.0 , 0.7485999999999999
0.4 , 0.8 , -0.8 , 0.7582599999999999
0.4 , 0.8 , -0.6 , 0.7679199999999999
0.4 , 0.8 , -0.4 , 0.7775799999999999
0.4 , 0.8 , -0.2 , 0.7872399999999999
0.4 , 0.8 , 0.0 , 0.7968999999999999
0.4 , 0.8 , 0.2 , 0.8065599999999999
0.4 , 0.8 , 0.4 , 0.81622
0.4 , 0.8 , 0.6 , 0.82588
0.4 , 0.8 , 0.8 , 0.83554
0.4 , 0.8 , 1.0 , 0.8452
0.4 , 1.0 , -1.0 , 0.762
0.4 , 1.0 , -0.8 , 0.7736999999999999
0.4 , 1.0 , -0.6 , 0.7854
0.4 , 1.0 , -0.4 , 0.7971
0.4 , 1.0 , -0.2 , 0.8088000000000001
0.4 , 1.0 , 0.0 , 0.8205
0.4 , 1.0 , 0.2 , 0.8321999999999999
0.4 , 1.0 , 0.4 , 0.8439
0.4 , 1.0 , 0.6 , 0.8556
0.4 , 1.0 , 0.8 , 0.8673000000000001
0.4 , 1.0 , 1.0 , 0.879
0.6 , -1.0 , -1.0 , 0.6220000000000001
0.6 , -1.0 , -0.8 , 0.6132000000000001
0.6 , -1.0 , -0.6 , 0.6044000000000002
0.6 , -1.0 , -0.4 , 0.5956000000000001
0.6 , -1.0 , -0.2 , 0.5868000000000001
0.6 , -1.0 , 0.0 , 0.5780000000000001
0.6 , -1.0 , 0.2 , 0.5692
0.6 , -1.0 , 0.4 , 0.5604
0.6 , -1.0 , 0.6 , 0.5516
0.6 , -1.0 , 0.8 , 0.5428000000000001
0.6 , -1.0 , 1.0 , 0.534
0.6 , -0.8 , -1.0 , 0.6356
0.6 , -0.8 , -0.8 , 0.62886
0.6 , -0.8 , -0.6 , 0.6221200000000001
0.6 , -0.8 , -0.4 , 0.61538
0.6 , -0.8 , -0.2 , 0.6086400000000001
0.6 , -0.8 , 0.0 , 0.6019
0.6 , -0.8 , 0.2 , 0.5951599999999999
0.6 , -0.8 , 0.4 , 0.5884199999999999
0.6 , -0.8 , 0.6 , 0.5816799999999999
0.6 , -0.8 , 0.8 , 0.57494
0.6 , -0.8 , 1.0 , 0.5681999999999999
0.6 , -0.6 , -1.0 , 0.6492000000000001
0.6 , -0.6 , -0.8 , 0.6445200000000001
0.6 , -0.6 , -0.6 , 0.6398400000000001
0.6 , -0.6 , -0.4 , 0.6351600000000001
0.6 , -0.6 , -0.2 , 0.63048
0.6 , -0.6 , 0.0 , 0.6258
0.6 , -0.6 , 0.2 , 0.62112
0.6 , -0.6 , 0.4 , 0.61644
